Class,Parent Class
10MHzFrequencyDistribution,NetworkEntity
11ActiveStandbyRedundancy,Reliability
3GPPCompliance,Standard
3GPPRelease14,Standard
3GPPRelease15,Standard
3GPPTS28312IntentSchemas,DataModel
3GPPTS29244,Standard
464XLAT,Concept
4GEPCCore,CoreNetwork
5G,Concept
5GAKA,SecurityFeature
5GAKAProcedures,SecurityFeature
5GAuthenticationSession,SecurityFeature
5GC,Concept
5GCNFControlPlaneCommunication,ControlPlane
5GCNFs,NetworkFunction
5GCore,CoreNetwork
5GCore5GC,CoreNetwork
5GCoreFunctions,DesignedAsCloudNativeComponents
5GCoreImplementation,DesignConcept
5GCoreNetwork,CoreNetwork
5GInfrastructure,NetworkFunction
5GKeyHierarchy,SecurityFeature
5GNR,Concept
5GNRRadio,RANDesign
5GNetworks,NetworkDesign
5GPPPArchitecture,Design
5GPrivateNetworkIPAM,NetworkDesign
5GRange,RANDesign
5GSBA,Concept
5GSFramework,DesignConcept
5GSlices,Service
5GSlicing,Service
5GTarget,Concept
5GURLLCTargets,Service
5QIAndSNSSAI,Service
ACMPlacementRules,PlacementModel
AFApplicationFunction,NetworkFunction
AMF,NetworkFunction
AMFAccessToAuthenticationData,NetworkFunction
AMFAccessToSubscriberAndAuthenticationData,NetworkFunction
AMFAccessToSubscriberData,NetworkFunction
AMFAndSMF,NetworkFunction
AMFService,NetworkFunction
AMFToAMFCommunication,NetworkFunction
AMFToForwardAuthenticationRequestsToAUSF,NetworkFunction
AMFToTransmitUEContext,NetworkFunction
AMPolicyAssociation,Policy
API,InterfaceConcept
APILookup,API
APIsBetweenControlPlaneCNFsInSBA,ControlPlane
APNModified,Concept
ARVRServiceRequirements,Standard
ATSSS,Standard
AUSF,NetworkFunction
AUSFAndUDM,NetworkFunction
AUSFDataHandling,NetworkFunction
AV,Concept
AccessAgnosticAuthentication,SecurityFeature
AccessControl,ControlPlane
AccessLayer,Policy
AccessNetwork,NetworkConcept
AccessProfiles,Concept
AccessToExternalServices,Service
AccessToSliceSpecificNetworks,Service
AccessTraffic,Service
Activate,Concept
ActivePDPContexts,Standard
ActiveSessionCounts,Standard
ActiveUPF,NetworkFunction
AdaptiveSliceIsolation,Service
AddressUniqueness,Addressing
Addressing,AddressingConcept
AddressingConcept,Concept
AdvancedRuleTypesInPFCP,PolicyRule
AlignedServiceRequirements,Standard
AllNFInterfaces,NetworkFunction
AllSBAAPIs,API
AllocatingOptimalAddressRangesPerNFService,Addressing
AlternateCredentials,Addressing
AnHTTPServer,Protocol
Analytics,AnalyticsConcept
AnalyticsConcept,Concept
AnalyticsFunctions,Analytics
AnchoringSecurityKeyKSEAF,SecurityFeature
AnomalyDetection,Analytics
AnomalyDetectionModules,Analytics
AnthosGDC,Concept
ApplicationAwareOrchestration,Orchestration
ApplicationContext,Concept
ApplicationContexts,Standard
ApplicationFunctionsAF,NetworkFunction
ApplicationLevelQoS,Concept
ApplicationSpecificFlowDetection,Concept
ApplyingPDRsAndQoSRules,PolicyRule
AppropriateSMFUPFCombinations,UserPlane
Approx100MsTransportDelay,TransportNetwork
Approx4xReductionComparedToLTE,Concept
ArchitectingPacketProcessingPipelinesForLowJitterAndDeterministicBehavior,Jitter
ArchitecturallyIsolatedFromUserPlane,UserPlane
AreaCoverage,Concept
AsynchronousStateAccess,Service
AttributeDomains,Standard
Authentication,SecurityFeature
AuthenticationDataToAUSF,NetworkFunction
AuthenticationExchanges,SecurityFeature
AuthenticationKeys,SecurityFeature
AuthenticationKeysAndVectors,SecurityFeature
AuthenticationVectors,SecurityFeature
AuthenticationVectorsFromUDM,NetworkFunction
AuthenticationViaAKAFramework,SecurityFeature
AutoReplacementOfCrashedPods,CNFDesign
AutoScalingModules,Concept
AutomatedDeployment,CNFDesign
AutomatedIPAMSystemsWithMonitoring,Monitoring
AutomatingObservability,Monitoring
AutonomousVehicles,Concept
Autoscaling,Concept
Availability,Reliability
AvailabilityOverConfidentiality,Availability
AverageAndDistributionOfN3RoundTripDelayPerDSCP,Delay
AverageRttPerDSCPOnN3,RTT
AvoidingReRegistrationDuringFailover,Standard
BAR,Concept
BIOSTuning,Concept
BackendForPCF,NetworkFunction
BackendForUDM,NetworkFunction
Backhaul,TransportNetwork
BackhaulDependencies,TransportNetwork
BackwardCompatibility,Concept
BalancedObjectives,Topology
Bandwidth,QoSMetric
BandwidthAllocation,Bandwidth
BaselineSchedulers,PlacementModel
BasicNetworkSlicing,NetworkDesign
BatchedStateResponseArrivals,ResponseTime
BestPath,Concept
Bidirectional,Concept
BillingCosts,Charging
BinPacking,PlacementModel
BindingMetricsHTTPServersToHostIPs,Protocol
Bitrate,QoSMetric
BlockErrorRatesDownTo1eMinus9,Throughput
BoundedJitterForURLLC,Jitter
Branching,RANDesign
BranchingViaN9,RANDesign
Buffering,Concept
BuildingOpen5GSWithThePrometheusBackend,Monitoring
BuildingTheGNBModule,AccessNetwork
BusinessBundles,Platform
BusinessLevelIntents,Standard
BusinessLogic,Platform
BusinessLogicFromPersistentStorage,Standard
BypassingSliceDataRateLimits,Service
CGroupsAndRTKernel,UserPlane
CICDLifecycleModels,Management
CLAT,Concept
CLIAndPythonScripts,Standard
CMake,Concept
CNFConcept,Concept
CNFDesign,CNFConcept
CNFs,NetworkFunction
CNFsAreDeployedToAppropriateClusters,NetworkFunction
CPUSpikesOnceStateResponsesAreProcessed,ResponseTime
CSPs,Concept
CSPsToHost5GCNFsOnSharedInfrastructure,NetworkFunction
CUCP,ControlPlane
CUCPCentralization,ControlPlane
CUCPFromCUUP,ControlPlane
CUPS,UserPlane
CUPSArchitecture,Design
CUPSBasedUserPlaneNFIn5GC,NetworkFunction
CUPSDesign,Design
CUPSModel,DataModel
CUPSPrinciple,UserPlane
CUUPAtTheEdge,Edge
CUUPEdgeDeployment,Edge
CachingStateAtWellDefinedCheckpoints,Standard
CascadingOfUPFs,UserPlane
CentralDatabase,Platform
CentralManagementOfDistributedUPFInstances,NetworkFunction
CentralPolicy,Policy
CentralToOperatorInteroperability,CNFDesign
CentralizedCloudRegions,CloudLayer
CentralizedDatabaseBackend,Platform
CentralizedNonRelationalKeyValueStore,NetworkEntity
CentralizedPolicyEnforcement,Policy
CentralizedProgrammability,Standard
CentralizedStateStorageStrategies,Throughput
CertificateBasedEAPTLS,SecurityFeature
CertificateBasedEAPTLSEAPTTLS,SecurityFeature
CertificateBasedEAPTTLS,SecurityFeature
ChallengeResponseProcedures,ResponseTime
ChallengesInOrchestrationMobilityCoordinationSDNNFVIntegrationAndInfrastructureReconfiguration,Orchestration
ChangingBindAddressesInNFYAML,NetworkFunction
ChangingNetworkStates,NetworkDesign
Charging,ChargingConcept
ChargingConcept,Concept
CheckpointCycles,Concept
ChoiceOfDeployment,CNFDesign
ChunkThrottling,Concept
CiscoBestPractice,Concept
CiscoUPF,NetworkFunction
Classification,Analytics
ClientCertificates,SecurityFeature
Clients,Standard
CloudConcept,Concept
CloudDomain,CloudLayer
CloudEnvironments,CloudLayer
CloudLayer,CloudConcept
CloudNativeArchitecture,CloudLayer
CloudNativeEnvironments,CloudLayer
CloudNativeFeatures,CloudLayer
CloudNativeMicroservices,CloudLayer
CloudNativeUPFArchitectures,NetworkFunction
CloudToBatchTasks,CloudLayer
CloudToTrainingTasks,CloudLayer
ClusterAndWorkloadConfigurationConsistency,Management
CoLocatedWithRAN,RANDesign
ColdMigration,Concept
CollaborationWithMEC,CloudLayer
CombinationOfMultipleSliceTypes,Service
CommonInDenseDeployments,Standard
CompactRuleStructures,PolicyRule
ComplexLifecycleTasks,Management
ComplexLifecycleTasksForCNFs,Management
ComplianceWithOperatorFrameworks,CNFDesign
ConditionalBuildApproach,Concept
ConditionalUDRUpdatesWithEtags,NetworkFunction
Confidentiality,NetworkFunction
ConfigurationValues,Management
ConfiguringUSRPGains,NetworkFunction
ConflictDetectionMechanisms,NetworkFunction
ConflictResolution,NetworkFunction
Conflicts,NetworkFunction
ConflictsAndRogueAddresses,NetworkFunction
Congestion,Concept
ConsiderationOfFairnessAvailabilityAndServiceResilience,Availability
ConsistentEndToEndServiceQuality,Concept
ConsistentSLAAdherence,Policy
ConsistentSliceEnforcement,Service
ConsistentUpdatesAcrossRANConfigurations,RANDesign
ConsumerFacingInterface,Interface
ConsumerGradeUEVariability,NetworkEntity
ConsumerProducerModel,DataModel
Container,CNFDesign
ContainerBasedCNFApproach,CNFDesign
ContainerBasedDeployments,CNFDesign
ContainerBasedScaling,CNFDesign
ContainerBasedStatelessDeployment,CNFDesign
ContainerBasedVirtualizationDockerLXCInRealTimeIndustrialSystems,CNFDesign
ContainerOrchestration,CNFDesign
ContainerPlacement,CNFDesign
ContainerPlatforms,CNFDesign
ContainerRegistryPlacement,CNFDesign
ContainerizedDeployments,CNFDesign
ContainerizedNFs,NetworkFunction
ContainerizedRANTestbed,RANDesign
Containers,CNFDesign
ContentRetrievalLatency,Latency
ContextManagement,Management
ContextObjects,Standard
ContextRetrievalByAnyInstance,Standard
ContextSharingInNFSets,NetworkFunction
ContinuousMonitoring,Monitoring
ContradictoryIntents,Standard
ControlAndUserPlaneSeparationCUPSModel,ControlPlane
ControlAndUserPlaneSeparationCUPSPrinciple,ControlPlane
ControlGatewaysAndUserGateways,ControlPlane
ControlInterfaceBetweenSMF,NetworkFunction
ControlOverhead,ControlPlane
ControlPlane,NetworkConcept
ControlPlaneAPIs,ControlPlane
ControlPlaneContinuityAcrossAdministrativeDomains,ControlPlane
ControlPlaneFunctions,ControlPlane
ControlPlaneInteractions,ControlPlane
ControlPlaneInterface,ControlPlane
ControlPlaneInterfaces,ControlPlane
ControlPlaneLatencyVariance,ControlPlane
ControlPlaneMessages,ControlPlane
ControlPlaneNFsDeployedInCentralizedCloudRegions,ControlPlane
ControlPlaneNFsToExposeRESTfulAPIs,ControlPlane
ControlPlaneOnly,ControlPlane
ControlPlaneScalingInsights,ControlPlane
ControlPlaneSecurity,ControlPlane
ControlPlaneSignalingHealth,ControlPlane
ControlPlaneSignalingPerformance,ControlPlane
ControlPlaneSignalling,ControlPlane
ControlPlaneTraffic,ControlPlane
ControlledNaturalLanguageDSLs,ControlPlane
Core,CoreNetwork
CoreAMFAddress,NetworkFunction
CoreCoDesign,CoreNetwork
CoreDomains,CoreNetwork
CoreLayers,CoreNetwork
CoreNetwork,NetworkConcept
CoreNetworkDesign,DesignConcept
CoreNetworkSettings,CoreNetwork
CoreNetworkTopology,CoreNetwork
CoreOnSeparateServers,CoreNetwork
CoreSetup,CoreNetwork
CoreYAMLConfigurations,CoreNetwork
Cost,Concept
CostPenalties,Concept
CostQoSTradeOffs,Standard
Counters,Concept
CountersForNASRegistrationRequestsRmReginitreq,NetworkEntity
CountersGaugesAndHistograms,PlacementModel
CoverageAreaPolygon,Concept
Create,Concept
CriticalCNF,CNFDesign
CriticalCNFs,NetworkFunction
CriticalCPAsset,ControlPlane
CriticalCPAssets,ControlPlane
CriticalFlows,Concept
CriticalForConflictDetection,NetworkFunction
CriticalForMultipleIndustrialOperationsSharingTheSame5GInfrastructure,Protocol
CriticalForNGAPDebugging,PlacementModel
CrossBorderSlicingSLAs,Service
Curl,Concept
CurrentOrchestrationPlatformsEGKubernetes,Orchestration
CustomEdgeKubernetesDeployments,Edge
CustomResourceDefinitionsCRDs,Concept
CustomSchedulers,PlacementModel
CustomerSLABackedEndToEndLogicalNetwork,Policy
DHCP,Protocol
DHCPBasedIPAllocationViaUPF,NetworkFunction
DNNBasedPolicySteering,Policy
DNNOrSliceBasedPolicySteering,Service
DNSBasedUPFSelection,NetworkFunction
DNSServices,Protocol
DPCUPCR,UserPlane
DPDK,Concept
DRB,Concept
DSLIntentIntoLSOAPICalls,API
DashboardingPerNFType,NetworkFunction
DataBuffering,DataNetwork
DataCentricFunctions,NetworkFunction
DataModel,DataModelConcept
DataModelConcept,Concept
DataNetwork,NetworkConcept
DataPlane,Topology
DataPlaneProcessingFromControlPlaneSMFLogic,NetworkFunction
DataSovereignty,DataNetwork
DataVolume,DataNetwork
DatastoreLoads,Concept
DbiConfiguration,Management
Deactivate,Concept
DecisionMakingTradeOffs,Standard
DecisionsBasedOnRealTimeNetworkMeasurements,NetworkDesign
DecouplingOfDataPlaneProcessingFromControlPlaneSMFLogic,NetworkFunction
DedicatedAndSharedResources,Concept
DedicatedResources,Concept
DedicatedResourcesPerSlice,Service
DedicatedSubnets,Addressing
DedicatedSubnetsAndUEIPPools,NetworkEntity
DefaultOpen5GSConfigs,NetworkFunction
Delay,QoSMetric
Delete,Concept
DependencyOnSynchronousStateStoreReads,Service
DependencyReadinessBeforeNFLaunch,NetworkFunction
Deployment,CNFDesign
DeploymentOptions,CNFDesign
Design,DesignConcept
DesignConcept,Concept
DesignedAsCloudNativeComponents,CloudLayer
DeterministicBehavior,Concept
DeterministicLatencyOverConfidentiality,Latency
DeterministicScheduling,PlacementModel
DevOpsAutomationCodePipelineCloudFormation,Orchestration
DeviceIdentity,Identifier
DiffServ,Concept
DifferentAccessTypes,Service
DifferentDowntimeAndResourceOverheadProfiles,Reliability
DifferentSoftwareVersions,Standard
DisablingCStates,Concept
DisaggregatedNetworkFunction,NetworkDesign
DisaggregatedNetworkFunctions,NetworkDesign
DisjointUPFDeploymentWithDualPDUSessions,NetworkFunction
DisjointUPFs,UserPlane
DisjointUPPaths,UserPlane
DisjointUPPathsWithReplicatedUPFs,UserPlane
DisjointUserPlanePaths,UserPlane
DistinctJobNameEntriesInPrometheus,Standard
DistinctNetworkAttachments,NetworkDesign
DistributedEdgeClusters,Edge
DistributedInstances,Standard
DistributedKeyValueStore,NetworkEntity
DiverseThroughputDemands,Throughput
DiverseTrafficTypes,Standard
DockerEnvironments,Standard
DockerManifests,Standard
DomainNFs,NetworkFunction
DomainSpecificContributions,Standard
DoublingTheNumberOfBBURRHPods,CNFDesign
DualActiveScenarios,Concept
DualConnectivity,Concept
DualPDUSessions,Concept
DualUPFs,UserPlane
Duration,Concept
DynamicAutomation,Orchestration
DynamicAutomationAndConflictResolution,Orchestration
DynamicBalancingOfURLLCAndEMBBPerformance,Service
DynamicDataFlowManagement,Management
DynamicDiscoveryOfNFServices,NetworkFunction
DynamicFlowDecisions,Concept
DynamicFlowDecisionsPerApplicationContext,Concept
DynamicIPAssignment,Protocol
DynamicInfrastructureSharing,NetworkFunction
DynamicIsolationOfTrafficWithinSlices,Service
DynamicModels,DataModel
DynamicPerSliceTrafficTreatment,Service
DynamicPlacementSystems,PlacementModel
DynamicPolicyManagement,Policy
DynamicQoSAndScalingActions,PlacementModel
DynamicReconfiguration,NetworkFunction
DynamicReconfigurationDecisions,NetworkFunction
DynamicResourceAllocationAmongSlices,PlacementModel
DynamicResourceAllocationModels,PlacementModel
DynamicResourceDrivenScaling,Concept
DynamicRuntimeConfiguration,Management
DynamicScaling,Concept
DynamicServiceDiscovery,Concept
DynamicSessionLifecycleControl,Management
DynamicTrafficDrivenForwardingRules,NetworkFunction
DynamicUPFChaining,NetworkFunction
DynamicWorkloadPlacement,PlacementModel
EAP,Concept
EAP5G,Concept
EAPAKA,SecurityFeature
EAPBasedCredentials,Concept
EAPTLS,Protocol
EDQASLDISchedulers,PlacementModel
EMBB,Service
EMBBFlows,Service
EMBBPerformance,Service
EMBBRateLoss,Service
EMBBScheduling,Service
EMBBTraffic,Service
ETSINFVMANO,NetworkFunction
EachIntentOperation,Concept
EachMigrationMethod,Concept
EachNF,NetworkFunction
EachNetworkSlice,NetworkDesign
Edge,NetworkConcept
EdgeCachingOfPopularContent,Edge
EdgeCloudAndTSNFunctions,Edge
EdgeComputing,Edge
EdgeDeployedUPFs,Edge
EdgeDeployment,Edge
EdgeDeploymentOfDU,Edge
EdgeDeployments,Edge
EdgeDomain,Edge
EdgeFocusedImprovements,Edge
EdgeFogPlacements,Edge
EdgeIaaSPlatforms,Edge
EdgeKubernetesImplementations,Edge
EdgeLocatedContainerRegistries,Edge
EdgeNodesToPublishAsKubernetesNodes,Edge
EdgeOrchestration,Edge
EdgePaaSLayers,Edge
EdgePlacements,Edge
EdgeScenarios,Edge
EdgeSites,Edge
EdgeToRealTimeTasks,Edge
ElasticScaling,Concept
Elasticity,Concept
EliminatingApprox100MsTransportDelay,TransportNetwork
EmergencyServices,Concept
EnablingParallelUserPlanePaths,UserPlane
Encryption,Concept
EncryptionOverhead,Concept
EndToEndAvailability,Availability
EndToEndControlPlaneSecurity,ControlPlane
EndToEndIntentLatencyTargets,Latency
EndToEndKPIValidation,Metric
EndToEndLatencyLe1Ms,Latency
Energy,Concept
EnergyAwarePlacement,PlacementModel
EnergyConstraints,Standard
EnergyConsumption,Concept
EnergyEfficiency,Concept
EnergySavingsTargets,Standard
EnforcementOfSliceLevelPolicies,Service
Enhancements,Standard
EssentialForControlPlaneProtocols,ControlPlane
EssentialForReliableAutoScaling,Reliability
EssentialInPrivate5GEnvironments,Standard
EthernetTags,Concept
EvenLoadDistribution,Standard
EvictionPolicies,Concept
EvolutionToFullyStandaloneSACore,CoreNetwork
ExampleMetrics,Standard
ExampleOfASystemdServiceForAnOpen5GSNF,NetworkFunction
Execution,Concept
ExecutionLayerForIntentTranslation,RANDesign
Expectations,Concept
ExplicitFlowDefinitions,Concept
ExplicitIPBinding,Protocol
ExplicitTaskLevelPrioritization,Concept
ExternalDNS,Protocol
ExternalDataNetworks,NetworkDesign
ExternalFacingSlices,Service
ExternalObservability,Monitoring
ExternalStateRepositories,Concept
ExternalizingNFStateToUDSFLikeStores,NetworkFunction
ExternalizingStateToUDSF,NetworkFunction
ExternalizingUEContextToUDSF,NetworkFunction
ExternallyStateManagedOperation,Concept
FailureEvents,Standard
FailureIsolation,Concept
FailureResilience,Concept
Fairness,Concept
FalseSessionDropDetection,PacketLoss
FastCPU,Protocol
FastFeatureDeployment,CNFDesign
FastReadWriteOfUERelatedState,NetworkEntity
FastRestarts,Protocol
FastUPFSwitchover,NetworkFunction
FastUserPlaneControl,ControlPlane
FaultIsolation,Management
FaultTolerance,Management
FaultToleranceInEdgeSetups,Management
FeatureRichExperiences,Concept
FetchAndCacheModel,Platform
FetchAndCacheStrategy,Platform
FewerSMFNodes,NetworkFunction
FirewallRules,NetworkEntity
FirewallServices,NetworkEntity
Firewalls,NetworkEntity
FiveG,Concept
FiveGCControlPlaneNFs,ControlPlane
FiveGCoreCNFs,CoreNetwork
FiveMsRTT,RTT
FixedLineServices,Concept
FixedRANWithUAVs,RANDesign
FixedWirelessAccessFWA,Concept
Flexibility,Concept
FlexibleAccessControlAcrossUserDataFlows,ControlPlane
FlexibleNetworkSlicing,NetworkDesign
FlexiblePlacementInThe5GCore,PlacementModel
FlexibleQoSFulfillment,Concept
FlexibleSliceSupport,Service
FlexibleTTIs,Concept
FlowSetupDueToExceededDataRate,Throughput
FogDomain,Concept
FormOfNon3GPPAccess,Standard
ForwardingBehavior,Concept
ForwardingRules,PolicyRule
FrequencyOfOperations,NetworkEntity
FronthaulDataThroughput,TransportNetwork
FullyNativeOnTheUserPlane,UserPlane
FunctionalSplits,NetworkFunction
FunctionallyDividedIntoCUCP,NetworkFunction
FundamentalForEnablingControlUserPlaneSeparationCUPS,ControlPlane
FutureSolutionDirections,Concept
GBR,Concept
GBRFlows,Concept
GBRRulesAreModifiedDownward,PolicyRule
GNB,AccessNetwork
GNBAndAMF,NetworkFunction
GNBCU,FunctionallyDividedIntoCUCP
GNBLink,AccessNetwork
GNBToAMF,NetworkFunction
GPUNetworking,NetworkDesign
GSTNEST,Concept
GTP.In/OutDataOctetsN3,Protocol
GTP.InDataOctetsN3,Protocol
GTP.InDataPktLossN3QoS,Protocol
GTP.OutDataOctetsN3,Protocol
GTP.RttDelayN3DlPsaUpfMean.DSCP,NetworkFunction
GTPInOutDataPktLossN3UPF,NetworkFunction
GTPOctetCountersOnN3,Protocol
GTPRttDelayN3DlPsaUpfMeanDSCP,NetworkFunction
GTPU,Protocol
GTPUEncapsulatedTraffic,Protocol
GTPULevelPacketDuplication,Protocol
GTPULevelPacketElimination,Protocol
GTPUMarking,Protocol
GTPUOnPFCFAssignedPort,Protocol
GTPUOverUDP,Protocol
GatewayForNon3GPPAccess,NetworkEntity
GatewayRouters,NetworkEntity
Gating,PlacementModel
Gauges,PlacementModel
Ge99999PercentReliability,Reliability
GenericAPIInLibMetrics,API
GenericSliceTemplateGST,Service
GenericSliceTemplates,Service
GeoDistribution,Standard
GeoProximity,Concept
GeoRedundancy,Reliability
GigabitEthernet,PlacementModel
GnbSearchList,AccessNetwork
Grafana,Monitoring
GroupingByNFSet,NetworkFunction
GtpIp,Protocol
GtpServerLogEntry,Protocol
HARQOptimization,PlacementModel
HPABasedAutoscaling,Concept
HSS,NetworkFunction
HTTP2,Protocol
HTTP2Interfaces,Protocol
HTTP2REST,Protocol
HTTP403EXCEEDEDSLICEDATARATEToUE,Protocol
HTTPMetricsServer,Protocol
Handover,Concept
HandoverProcedures,Concept
HandoverSignaling,Concept
HardRealTimeConstraints,CloudLayer
HardSlicing,Service
HardenedSIMProvisioning,Management
HardwareAccelerationAtTheDU,Addressing
HardwareAgnosticDeployments,Standard
HardwareBased,Concept
HardwareTuning,Concept
HardwareUPF,NetworkFunction
HardwareWithIntelI5,Concept
Heartbeats,Standard
HierarchicalDesign,DesignConcept
HierarchicalSubnetDesign,HierarchicalDesign
HierarchicalSubnetting,HierarchicalDesign
HighLevelObjectives,Concept
HighPerformanceNeeds,Management
HighThroughput,Throughput
HighThroughputExperiments,Throughput
HighTrafficLoad,Standard
HigherBillingCosts,Charging
Histograms,Concept
HistoricalTrendAnalysis,Standard
HorizontalScalability,Concept
HorizontalScaling,Concept
HostLANIPs,Topology
HostingItsOwnMetricsEndpoint,API
HubManagement,Management
HundredsOfMbpsThroughputForEMBB,Throughput
HybridCloudEnvironments,CloudLayer
HybridClouds,CloudLayer
HybridMigration,Concept
HybridModels,DataModel
IKEv2,Concept
IKEv2Tunnels,Concept
IP.N6IncLinkUsage,Protocol
IP.N6OutLinkUsage,Protocol
IPAM,Concept
IPAMAlerts,Standard
IPAMSubnets,Addressing
IPAddresses,Addressing
IPAllocation,PlacementModel
IPChunks,Protocol
IPConflicts,NetworkFunction
IPExhaustion,Protocol
IPForwarding,Protocol
IPLayerDataVolume,DataNetwork
IPN6IncLinkUsage,Topology
IPN6IncLinkUsageAndIPN6OutLinkUsage,Topology
IPN6OutLinkUsage,Topology
IPPoolToStandbyUPF,NetworkFunction
IPRoutes,Routing
IPSec,Protocol
IPSpaceIntoNetworkAndHostPortions,NetworkDesign
IPUPS,UserPlane
IPUsage,Protocol
IPsecBasedFiltering,Protocol
IPsecOverNon3GPPAccess,Protocol
IPsecSecurity,SecurityFeature
IPsecSignalingSA,Protocol
IPsecTunnel,Protocol
IPsecTunnelNWu,Protocol
IPsecTunnelNWuInNon3GPPAccess,Protocol
IPsecTunnelingForNon3GPPAccessPaths,Protocol
IPsecTunnelingForRANAccessPaths,RANDesign
IPsecTunnels,Protocol
IPsecTunnelsNWuNWt,Protocol
IPsecWithNULLEncryption,Protocol
IPv4,Addressing
IPv4Addressing,Addressing
IPv4ForUPFBasedNATTranslation,NetworkFunction
IPv4OnlyUEs,NetworkEntity
IPv4Subnets,Addressing
IPv6,Addressing
IPv6CommunicationChannels,Addressing
IPv6ControlPlaneNetworks,ControlPlane
IPv6Firewalls,NetworkEntity
IPv6MulticastScope,Standard
IPv6OnlyDualStackAndIPv4TranslationModes,RANDesign
IPv6OnlyUEs,NetworkEntity
IPv6OnlyUserPlane,UserPlane
IPv6OnlyUserPlaneSupport,UserPlane
IPv6Subnets,Addressing
IPv6TransitionTunnels,RANDesign
Identifier,IdentifierConcept
IdentifierConcept,Concept
IdentifyingOverlappingOrContradictoryIntents,Standard
ImmediateAccessToNecessaryContext,Service
ImpactedLayers,Concept
ImplementationSpecifics,Concept
ImplementedAsMicroservices,CNFDesign
IncreasedRuntimeCharges,CloudLayer
IndependentEdgeDeployment,Edge
IndependentEvolutionAndScalingOfUPF,NetworkFunction
IndependentPlacementOfControlPlaneFunctions,PlacementModel
IndependentScaling,Standard
IndividualIPs,Concept
IndividualScrapingByPrometheus,API
Individually,Concept
IndoorPositioning,Concept
Industrial5G,Standard
IndustrialApplications,Standard
IndustrialGradeContainerPlatforms,CNFDesign
IndustrialRAN,RANDesign
InfrastructureAsCodePipelines,NetworkFunction
InfrastructureSharing,NetworkFunction
InherentlyStateless,Concept
InitContainers,CNFDesign
InitialAuthentication,SecurityFeature
InitialFiveGDeployments,Standard
InitialProcedures,Concept
InitialUEMessage,NetworkEntity
InstallingLocalMetricsServers,NetworkEntity
Integration,Concept
IntegrationOfBandwidthAllocationTrafficPrioritizationEncryptionAndNetworkSlicing,Bandwidth
IntegrationOfEAP5GIKEv2AndIPsec,Protocol
IntegrationOfRealTimeMetrics,Standard
IntegrationOfRealTimeMetricsInOrchestrationControllers,Orchestration
IntegrationWithExternalRANSimulators,RANDesign
Integrity,SecurityFeature
Intent,Concept
Intent7MbpsUplink≤50MsLatency,Latency
IntentBasedAutomation,Orchestration
IntentContent,Concept
IntentDrivenOrchestration,Orchestration
IntentDrivenSLAEnforcementEndToEnd,Policy
IntentDrivenSliceCreation,Service
IntentExpectations,Concept
IntentFromImplementationDetails,Concept
IntentLifecycleStates,Management
IntentMappingRules,PolicyRule
IntentModels,DataModel
IntentOperations,Concept
IntentSpecification,Standard
IntentToPolicyMapping,Policy
InterClusterConnectivity,Concept
InterNFServiceCall,NetworkFunction
InterNFServiceCalls,NetworkFunction
InterPLMNControlSignaling,Identifier
InterPLMNSecurity,Identifier
InterPLMNSignalingOnN32,Identifier
InterUPFCommunication,NetworkFunction
InterchangeableNFInstancesOfTheSameType,NetworkFunction
Interface,InterfaceConcept
InterfaceConcept,Concept
InterfaceLevelMetrics,Interface
IntermittentConnectivity,Concept
InternalMemoryToUDSF,NetworkFunction
InternalNFResourceTelemetry,NetworkFunction
InterworkingScenarios,Concept
IoT,Concept
IoTAggregation,PlacementModel
IoTAggregationUseCase,PlacementModel
IsolatedExecutionEnvironment,Concept
IsolatedExecutionEnvironments,Standard
Isolation,Concept
IsolationStrategies,Throughput
Istio,CNFDesign
IstioBasedServiceMesh,CNFDesign
ItsOwnMetricsEndpoint,API
JSONDeserialization,DataModel
Jamming,Concept
Jitter,QoSMetric
JitterIssuesOnN3,Jitter
JobDefinitionsInPrometheusYml,Monitoring
KAUSF,Concept
KNI,Concept
KPIData,DataNetwork
KPIMeasurement,Metric
KSEAF,Concept
KeepaliveMechanism,CloudLayer
KeyDerivation,SecurityFeature
KeyInputsToDynamicQoSAndScalingActions,Standard
KeyQoSMetric,Standard
KnowledgeOfNodeNetworkConnectivity,NetworkDesign
Kubernetes,CNFDesign
KubernetesBasedControlPlaneOrchestration,CNFDesign
KubernetesEnvironments,CNFDesign
KubernetesOperators,CNFDesign
KubernetesServiceIPs,CNFDesign
KubernetesStatefulSets,CNFDesign
LSOAPICalls,API
LTE1MsTTI,Concept
LabToProductionDeployment,CNFDesign
LackOfRealTimeAwareness,Concept
Latency,QoSMetric
LatencyAcrossChainedUPFs,Latency
LatencyAndEnergyConstraints,Latency
LatencyAwareDeployment,Latency
LatencyConstraints,Latency
LatencyCritical,Latency
LatencyEnergyAndResourceConstraints,Latency
LatencyJitter,Latency
LatencyJitter≈37–102Ms,Latency
LatencyPenalties,Latency
LatencyRange,Latency
LatencySensitiveServices,Latency
LatencySpikes,Latency
LatencyThroughputReliabilityAndCrossDomainSync,Latency
LatencyViolationRate,Latency
LatencyViolationRateAndQoSThresholds,Latency
LatencyVsEnergy,Latency
LaterPhases,Concept
LateralTrafficFlow,Standard
Layer2Authentication,SecurityFeature
Le1MsLatency,Latency
Le1MsOneWayLatency,Latency
Le1MsUserPlaneLatency,Latency
LegatoAdagioPresto,Protocol
Libogsmetrics,Standard
Libprom,Concept
LibsctpDev,Protocol
LinearIncreaseInFronthaulDataThroughput,TransportNetwork
LinkIp,Protocol
LinkingTwoSMFs,Concept
LoadAwareNFInstanceSelection,NetworkFunction
LoadBalancingServices,Platform
LocalStateLoss,PacketLoss
LocationServices,Concept
LogicalSlicingArchitecture,Service
LogicallyIsolatedFromOneAnother,Concept
Logs,Monitoring
LongerRequestTimes,NetworkEntity
LoopbackIPs,Concept
LowJitter,Jitter
LowLatency,Latency
LowLatencyAndDeterministicScheduling,Latency
LowLatencyAndMinimalPacketLoss,Latency
LowLatencyDataHandling,Latency
LowLatencyIO,Latency
LowLatencyKernels,Latency
LowLatencyUseCases,Latency
LowRateRequirements,Throughput
LowerAverageCPUUsage,ControlPlane
MACLayer,Identifier
MANO,Orchestration
MCM,Concept
MDPDRLBasedRANSchedulers,RANDesign
MEC,CloudLayer
MECEnvironments,CloudLayer
MEF,Concept
MIQCPAndBinPacking,ControlPlane
MIQCPMixedIntegerQuadraticallyConstrainedProgramming,ControlPlane
MMTCFlows,Service
MTLS,Protocol
MaintainingRealTimeControl,ControlPlane
Management,ManagementConcept
ManagementConcept,Concept
ManagingIntentLifecycleStates,Management
ManagingNetworkResources,NetworkDesign
MandatoryForRealisticEndToEndTestbedOperation,Concept
MandatoryPrimaryAuthenticationProtocolAcrossN1Interface,SecurityFeature
ManualIPAlignment,Protocol
MatchingPLMNIDAndTACAcrossConfigurations,NetworkFunction
MaximumGroupDataRateControl,Throughput
MaximumSliceDataRate,Service
MaximumUPFsPerChunkLimitedPool,UserPlane
MeanTimeToRepairMTTR,Reliability
MeasurementSplit,Standard
MeetingSubMsDeadlines,Service
MemoryResourceUsageProcessResidentMemoryBytes,DataModel
MessagesSuchAsInitialUEMessage,NetworkEntity
MessagesSuchAsUEContextRelease,NetworkEntity
Metric,MetricConcept
MetricConcept,Concept
MetricsAPI,API
MetricsDefinitions,Service
MetricsDrivenOrchestration,Orchestration
MetricsEndpoints,API
MetricsEndpointsEvery10Seconds,API
MetricsHTTPServersToHostIPs,Protocol
MetricsInOpen5GS,Standard
MetricsIntegration,Standard
MetricsSubsystem,Standard
MicroSegmentation,Routing
MicrosecondLevelLatencyMetrics,Latency
MicroserviceBasedCNFs,CNFDesign
MicroserviceDesign,CNFDesign
MicroserviceDesignAndCICDLifecycleModels,CNFDesign
MicroserviceDesigns,CNFDesign
MicroserviceKubernetesManifestsForOpen5GS,CNFDesign
Microservices,CNFDesign
MigrationTechniques,NetworkEntity
MillionsOfUEAndIoTDevices,NetworkEntity
MiniSlotTimescales,Concept
MiniSlots,Standard
MinimalPacketInspection,Concept
MinimizingActiveFogNodes,PlacementModel
MissingSchedulingPriorities,PlacementModel
MitigationOfWirelessSpecificThreats,Standard
MixedIntegerLinearProgrammingMILP,PlacementModel
Mobility,Concept
MobilityAnchoring,Concept
ModerateLatency,Latency
Modify,Concept
ModularOrchestration,Orchestration
Modularity,Concept
MongoDB,Platform
MongoDBCompatibility,Platform
MongoDBStatefulSetsWithPVCs,Platform
MongoDBURI,Platform
Monitoring,MonitoringConcept
MonitoringConcept,Concept
MonitoringInterface,Monitoring
MonitoringOfGTPRTT,Monitoring
MonitoringOfPacketLoss,Monitoring
MonolithicCNFs,NetworkFunction
MultiAccessEdgeComputingMEC,Edge
MultiClusterFederation,Concept
MultiDomainOrchestration,Orchestration
MultiHopPerformanceAssessment,Management
MultiHostNetworkSetup,NetworkDesign
MultiHostSetups,UserPlane
MultiMachineEndToEndNetworkValidation,NetworkDesign
MultiObjectivePlacementModels,PlacementModel
MultiSliceDeployments,Service
MultiTenancy,Concept
MultiTenantOrchestration,Orchestration
MultiTierHubAndSpokeArchitecture,Design
MultiTierTrafficHandling,Standard
MultipleN1ControlPlaneConnections,ControlPlane
MultipleOperators,CNFDesign
MultiplePCFs,Concept
MultipleQoSFlows,Concept
MultipleRIC,Concept
MultipleSMFAndUPFInstances,NetworkFunction
MultipleSecurityContexts,SecurityFeature
MultipleUPFs,UserPlane
MultipleUPFsWithLocalBreakout,UserPlane
Multus,Concept
MutualTLS,Protocol
N1,Concept
N10Interface,Interface
N11Interface,Interface
N12Interface,Interface
N13Interface,Interface
N14,Concept
N15Interface,Interface
N16,Concept
N16Interface,Interface
N1Interface,Interface
N1Mode,Concept
N1NASMessages,Platform
N1OverTrustedWiFi,Standard
N1Signaling,Concept
N2,Concept
N22Interface,Interface
N2Connectivity,Concept
N2ControlPlaneMessages,ControlPlane
N2Interface,Interface
N2SCTPHandshakeLogs,Protocol
N2ToFunctionAcrossHosts,NetworkFunction
N3,Concept
N3IWF,Concept
N3IWFMediatedWiFiAMFConnection,NetworkFunction
N3Interface,Interface
N3MeasurementData,DataNetwork
N3OctetCountersGTPInOutDataOctetsN3UPF,NetworkFunction
N3ReferencePoint,Concept
N3UserPlaneTrafficBetweenWiFiGatewaysAndUPF,NetworkFunction
N4,Concept
N4Interface,Interface
N4MeasurementData,DataNetwork
N4PFCPSessionMetrics,Protocol
N4SessionEstabFail,Concept
N4SessionEstabReq,Concept
N4SessionReport,Concept
N4SessionReportSucc,Standard
N5Interface,Interface
N6,Concept
N6Interface,Interface
N6InterfaceMetrics,Interface
N6Interfaces,Interface
N6LinkUsageCounters,Topology
N6MeasurementData,DataNetwork
N7Interface,Interface
N8Interface,Interface
N9Chaining,Concept
N9GTPByteCounters,Protocol
N9GTPPacketByteCounters,Protocol
N9GTPPacketCounters,Protocol
N9GTPUTrafficBetweenUPFs,UserPlane
N9Interface,Interface
N9RTTMetrics,RTT
N9RTTMetricsGTPRttDelayN9,RTT
NAS,ControlPlane
NASClassification,ControlPlane
NASMessagesOverWiFi,Platform
NASSignaling,ControlPlane
NASSignalingBetweenUEAndAMF,NetworkFunction
NASSignalingForLegacyWiFiDevicesLackingEAP5GSupport,UserPlane
NASTrafficToN3IWFGateways,NetworkEntity
NASTrafficToTNGFGateways,NetworkEntity
NATForSecurity,Addressing
NATSegmentationAcrossSlices,Addressing
NFActivity,NetworkFunction
NFBindAddresses,NetworkFunction
NFInstance,NetworkFunction
NFInstances,NetworkFunction
NFInstancesInAnNFSet,NetworkFunction
NFLogs,NetworkFunction
NFLowLatencyRequirements,NetworkFunction
NFOperatorsToTreatInfrastructureAsCode,NetworkFunction
NFPerformanceAndLoad,NetworkFunction
NFProcess,NetworkFunction
NFProfileDataExternally,NetworkFunction
NFProfiles,NetworkFunction
NFSet,NetworkFunction
NFSets,NetworkFunction
NFStateToUDSFLikeStores,NetworkFunction
NFTiers,NetworkFunction
NFV,NetworkFunction
NFVIInCore,CoreNetwork
NFVO,NetworkFunction
NFVOVNFM,NetworkFunction
NFVStackMaturity,NetworkFunction
NFZone,NetworkFunction
NFs,NetworkFunction
NFsAndApplications,NetworkFunction
NFsDuringBurstySignalingEvents,NetworkFunction
NFsProtocolStackInitialization,Protocol
NFsToMeetReliabilityRequirements,Reliability
NGAPOverSCTP,Protocol
NGAPSCTPPort38412,Protocol
NGAPSCTPToLoopbackByDefault,Protocol
NGRAN,SplitIntoGNBDU
NPHard,Concept
NPNArchitectureTypes,Design
NPlusMRedundancy,Reliability
NRF,NetworkFunction
NSA,Concept
NSSAAF,Concept
NSSAISstSd,Service
NSSF,NetworkFunction
NWDAF,NetworkFunction
NWDAFIntegration,NetworkFunction
NWu,Concept
Namf,ControlPlane
NativeKubernetes,CNFDesign
NativeRAN,RANDesign
NegligiblePacketLoss,PacketLoss
NetIpv4IpForward,Addressing
NetworkAdaptationPolicies,NetworkDesign
NetworkAwareScheduling,NetworkDesign
NetworkAwareSchedulingAndTopologyBasedPlacement,NetworkDesign
NetworkChanges,NetworkDesign
NetworkConcept,Concept
NetworkDesign,DesignConcept
NetworkEnforcement,NetworkDesign
NetworkEntity,NetworkConcept
NetworkFabricLayers,NetworkDesign
NetworkFunction,NetworkConcept
NetworkFunctionNF,NetworkDesign
NetworkFunctionsNFs,ImplementedAsMicroservices
NetworkIntents,NetworkDesign
NetworkIsolation,NetworkDesign
NetworkLevel,NetworkDesign
NetworkManagers,NetworkDesign
NetworkPlane,NetworkDesign
NetworkReconfiguration,NetworkDesign
NetworkRepositoryFunctionNRF,NetworkFunction
NetworkSliceType,NetworkDesign
NetworkSlices,NetworkDesign
NetworkSlicing,NetworkDesign
NetworkSlicingInformation,NetworkDesign
NetworkTelemetry,NetworkDesign
NetworkTranslationBehaviorPerUECapability,NetworkDesign
NetworkUsage,NetworkDesign
NetworkWideDatastoreInteractions,NetworkDesign
NetworkingServices,NetworkDesign
NeutralHostFrameworks,Standard
Neutrality,Standard
NewIPChunkAllocations,PlacementModel
NgapAddrBindingChange,PlacementModel
NgapAddrInAmfYamlToLANIP,NetworkFunction
NgapIp,API
NgapServerLogEntry,NetworkEntity
NnrfInterface,Interface
NoChangesTo3GPPSignalingProtocolsNASNGAP,Protocol
NoPublicIPv4OnControlPlane,ControlPlane
Non3GPPAccess,Standard
NonBlockingStatelessStrategies,Throughput
NonGBRFlows,Concept
NonStandaloneNSADeployment,CNFDesign
Nsmf,ControlPlane
NumberOfActiveFogNodes,Concept
OAuth,SecurityFeature
OAuthAuthorization,SecurityFeature
OSLevel,Concept
ObservabilityFabric,Monitoring
ObservedLoadPatterns,NetworkEntity
OffloadingInternalMemoryToUDSF,NetworkFunction
OgstunTUNInterface,Interface
OnDemandScalingOf5GCNFClusters,NetworkFunction
OneUPFOrPathExperiencesAFailure,NetworkFunction
OnlyNewUDSFEndpoints,NetworkFunction
OnlyUPFInstances,NetworkFunction
Open5GS,Concept
Open5GSAMF,Concept
Open5GSBuildProcess,Concept
Open5GSCoreConfiguration,CoreNetwork
Open5GSLogs,Monitoring
Open5GSMetricsSystem,Standard
Open5GSNF,NetworkFunction
Open5GSNFs,NetworkFunction
Open5GSOperatingAsPrometheusEnabledMicroservices,CNFDesign
Open5GSPCF,Concept
Open5GScoreServices,CoreNetwork
Open5gsAmfd,Concept
Open5gsK8s,CNFDesign
OpenSourceToolchains,Concept
OpenStack,CloudLayer
OperationalBurdenOfStateSynchronization,Concept
OperationalBurdenOfStateSynchronizationAcrossInstances,Concept
OperatorPolicies,CNFDesign
OperatorPolicy,CNFDesign
Operators,CNFDesign
OperatorsToCombineMultipleSliceTypesUnderAUnifiedSLA,Service
OperatorsToDisableMetricsSupport,UserPlane
OptimalChunkSize,Concept
OptimizationModels,PlacementModel
OptimizedCachingStrategies,Throughput
OptimizedForUESpecificMetadata,NetworkEntity
OptionalNULLEncryption,Concept
Orchestration,OrchestrationConcept
OrchestrationAcrossDistributedSites,Orchestration
OrchestrationConcept,Concept
OrchestrationLayer,Orchestration
OrchestrationLayerEnhancements,Orchestration
OrchestrationPlatforms,Orchestration
OrchestrationToolchainAlignment,Orchestration
Orchestrator,Orchestration
OtherLocationIdentifiers,Concept
OutOfOrderGTPPacketCountsGTPInDataPktOutOfOrderN3UPF,NetworkFunction
OverlappingIntents,Standard
OwnYAMLFileInEtcOpen5gs,DataModel
PCF,NetworkFunction
PCFAndAF,NetworkFunction
PDCPRRCLayers,ControlPlane
PDR,Concept
PDUSessionAuthorization,SecurityFeature
PDUSessionEstablishment,Concept
PDUSessionLifecycle,Management
PDUSessionModification,Concept
PDUSessionRelease,Standard
PDUSessionSetup,UserPlane
PDUSessions,Concept
PFCP,Protocol
PFCPMessageFAR,Protocol
PFCPN4Integration,Protocol
PFCPOverN4,Protocol
PFCPProtocol,Protocol
PFCPRuleInstallation,Protocol
PFCPSessionSetups,Protocol
PFCPSessionsMaintainStatefulAssociations,Protocol
PFCPToSetUpForwardingRules,Protocol
PFDBasedApplicationDetection,Platform
PHYAndMACLayers,Identifier
PLMNID,Identifier
PNFSToCNFs,NetworkFunction
PNINPN,Concept
PPS,Concept
PPSAnd10MHzSignals,Concept
PacketBuffering,Concept
PacketClassification,Analytics
PacketDetectionRulesPDRs,PolicyRule
PacketDuplicationAndElimination,UserPlane
PacketFilters,Concept
PacketForwarding,Concept
PacketLevelPolicyEnforcementInUPF,NetworkFunction
PacketLoss,QoSMetric
PacketLossOnN3,PacketLoss
PacketProcessingLatency,Latency
PacketProcessingPipelines,Orchestration
PacketsToQoSFlowsAtTheNASLayer,Policy
Parallel,Concept
ParallelMonitoring,Monitoring
PartOfCohesive5GCSuite,Concept
PartOfCoreBackhaul,CoreNetwork
PartialEdgeDeployment,Edge
Partitioning,Concept
PendingActive,PlacementModel
PendingActiveAfterManualTimeoutConfigurations,NetworkFunction
PendingActiveAfterSRPElections,PlacementModel
PerQoSClassMeasurements,Standard
PerSessionPolicy,Policy
PerSliceKPIs,Service
PerSliceMeasurements,Service
PerSliceSLADrivenEnforcement,Service
PerformanceCounters,Management
PerformanceNeeds,Management
PerformanceOptimization,Management
PermittingSCTPProtocol132,Protocol
PersistentCentralRepository,Standard
Ping,Concept
Placement,PlacementModel
PlacementModel,DesignConcept
PlacementModels,PlacementModel
PlacingContainerRegistriesOnEdgeNodes,CNFDesign
Platform,PlatformConcept
PlatformConcept,Concept
PlugInFunctionManagers,NetworkFunction
PlugInServiceAndFunctionManagers,NetworkFunction
PlugInServiceManagers,Concept
PodIdentityAndOrderingGuarantees,CNFDesign
PodIdentityGuarantees,CNFDesign
PodOrderingGuarantees,CNFDesign
Policies,Concept
Policy,PolicyConcept
PolicyAcrossPLMNBoundaries,Policy
PolicyComplexity,Policy
PolicyConcept,Concept
PolicyConfigurations,Policy
PolicyData,Policy
PolicyDecisions,Policy
PolicyRule,PolicyConcept
PolicyRules,Policy
PolicyStrategies,Policy
PoolSizeDividedByChunkSize,Platform
PortAccessBetweenCorporateNetworksAndUESubnets,NetworkEntity
PortBindings,Concept
PortListeningEvents,Standard
PortMappings,Concept
Ports,Standard
PostCopyMigration,Concept
Power,Concept
PreCopyMigration,Concept
PreciseFlowRouting,Routing
PreciseQoSEnforcement,NetworkFunction
PredictiveModeling,DataModel
Preemption,Concept
PreemptionPuncturing,Concept
PrimaryAuthenticationInIndustrial5G,SecurityFeature
PrimaryEnablerOfAchievingTelecomGradeAvailabilityTargets,Availability
PrimaryUserPlaneNFIn5GC,NetworkFunction
PrioritizedAccess,Concept
PrioritizedServices,Concept
PrioritizingAvailabilityAndDeterministicLatencyOverConfidentiality,Availability
Privacy,Concept
Private5GDeployments,Standard
PrivateDeployments,Standard
PrivateSNPNEnvironments,Standard
ProactiveMigration,Concept
ProactiveMigrations,Concept
ProactiveStatePush,Concept
Prometheus,Monitoring
PrometheusAsADataSource,DataNetwork
PrometheusEnabledMicroservices,CNFDesign
PrometheusMetrics,Standard
PrometheusMetricsViaAnHTTPServer,Protocol
PrometheusScraping,API
ProperAMFBinding,NetworkFunction
ProperSegmentation,Routing
ProperStartupOrdering,UserPlane
ProperTimingBetweenSMFHeartbeatAndUPFSRPTimeout,NetworkFunction
ProportionalFairness,Concept
ProtectionTunnelEgressPTENode,Topology
Protocol,ProtocolConcept
ProtocolConcept,Concept
Protocols,Protocol
ProvisioningLatency,Management
ProvisioningOverhead,Management
ProvisioningWorkflowsForIndustrialDevices,Management
ProximityAnchoring,Concept
PublicIPs,Concept
PuncturingEMBBTrafficInRealTime,Service
PurelyPeriodicAdjustments,Standard
QER,Concept
QoE,Concept
QoEMetric,MetricConcept
QoS,Concept
QoSAlignedLogicalNetworks,NetworkDesign
QoSAwareSlicing,Service
QoSClass,Concept
QoSClasses,Concept
QoSConstraints,Standard
QoSControl,ControlPlane
QoSEnforcement,NetworkFunction
QoSEnforcementModules,NetworkFunction
QoSEnforcementRules,NetworkFunction
QoSFlow,Concept
QoSFlows,Concept
QoSMetric,Metric
QoSMetrics,Standard
QoSParameters,Concept
QoSPolicyEnforcement,Policy
QoSProfiles,Concept
QoSRules,PolicyRule
QoSSustainabilityReports,Standard
QoSThresholds,Concept
QoSViolations,Concept
QuasiLocalCaching,Concept
QuasiLocalModel,DataModel
Query,NetworkEntity
QueryingUDM,NetworkFunction
QueueBuildupInAMF,NetworkFunction
RAN,RANDesign
RANAccessPaths,RANDesign
RANAndDataNetworks,RANDesign
RANComponentScaling,RANDesign
RANConnections,RANDesign
RANConnectivity,RANDesign
RANDCoreAndTransportDomains,CoreNetwork
RANDelays,RANDesign
RANDesign,DesignConcept
RANDomain,RANDesign
RANDomains,RANDesign
RANFunctions,RANDesign
RANIdentifiers,RANDesign
RANNetworkSettings,RANDesign
RANOnFiveGAndControlOn4GEPC,RANDesign
RANOnSeparateServers,RANDesign
RANOptimizationCombinedWithTransportAndCaching,RANDesign
RANSimulators,RANDesign
RANStacks,RANDesign
RFC1918PrivateIPv4Ranges,Standard
RFC5136Counters,Standard
RFPlanning,Topology
RFTuningRootAccessAndAPNConfigurations,NetworkFunction
RNISServices,Concept
RRC,AccessNetwork
RTT,Latency
RU,Concept
RadioNetworkExpectation,RANDesign
ReOrchestrationDecisions,Orchestration
ReRegistrationDuringFailover,Standard
RealTimeAdaptability,Concept
RealTimeAwareness,Concept
RealTimeContainerMaturity,CNFDesign
RealTimeIPAMAlerts,Identifier
RealTimeIPAMMonitoring,Monitoring
RealTimeMetricProcessing,ControlPlane
RealTimeOrchestrationResponsiveness,Orchestration
RealTimeRegulatoryMonitoringOfNetNeutralityCompliance,Monitoring
RealTimeScheduling,PlacementModel
RealTimeSchedulingExtensions,PlacementModel
RealTimeStreamingScenarios,Standard
RealTimeTrafficSteering,Standard
ReconfigurationEventCount,NetworkFunction
Redundancy,Reliability
RedundancyStrategy,Reliability
RedundantASEDevices,Reliability
ReflectiveQoSMarking,Concept
Region,Concept
Registration,Standard
RegistrationProcedures,Standard
RegulatoryModels,DataModel
RejectionOfSMPolicyOrPDUSessionEstablishment,Policy
Release19TR28914,Standard
Reliability,QoSMetric
ReliabilityAndLatencyGoalsForURLLC,Reliability
ReliabilityRequirements,Reliability
ReliabilityTargets,Reliability
ReliableFunctionIn5GSATestbeds,Reliability
ReliableURLLCTransmission,Reliability
ReliableUltraLowLatency,Reliability
RemoteMedicalServices,Concept
RemoteUERANSIMCreatedGNBToSuccessfullyAttach,AccessNetwork
RepeatedExternalLookups,UserPlane
ReplacingLoopbackAddressesInNFYAML,NetworkFunction
ReplicatedPacket,Concept
ReplicatedPackets,Standard
ReplicatedUPFs,UserPlane
Replication,Concept
ReportSucc,Standard
ReportSuccMetric,Standard
ReproducibleDeploymentsAtScale,Standard
Resilience,Concept
ResolutionRules,PolicyRule
ResourceAllocationDecisions,PlacementModel
ResourceBlockReservation,Concept
ResourceBlocks,Concept
ResourceConstraints,Standard
ResourceMetricsCPUMemoryFromKubernetes,CNFDesign
ResourceReservation,Concept
ResourceTemplatesMappedToLocation,Concept
ResourceUse,Concept
Resources,Concept
ResponseTime,Latency
RestorationOfSliceCapacity,Service
Roaming,Concept
RoamingBorders,Concept
RoamingEntity,Concept
RoamingRelatedInterface,Interface
RoamingRelatedInterfaces,Interface
RoamingScenarios,Concept
RobustHorizontalScaling,Platform
RogueAddresses,NetworkEntity
RogueDeviceDetection,NetworkEntity
RogueDeviceDetectionAndIPConflictPrevention,NetworkFunction
RollingUpdates,UserPlane
Rooted,Concept
RootingAndAPNModification,PlacementModel
RouteSummarization,Routing
RoutesBetweenCorporateNetworksAndUESubnets,NetworkEntity
Routing,RoutingConcept
RoutingConcept,Concept
RoutingTableSize,Routing
RuleInstallation,PolicyRule
RunningFullControlPlaneComponents,ControlPlane
RunningOnlySubsetsOfNFs,NetworkFunction
RuntimeCharges,CloudLayer
RuntimeLayer,Concept
RuntimeLayerEnhancements,Standard
RuntimeMonitoring,Monitoring
S1Mode,Concept
SA,Concept
SAConnectivity,Concept
SBABasedNetworkFunctions,NetworkDesign
SBACapableNFs,NetworkFunction
SBADomain,5GSFramework
SBAModel,DataModel
SBAsRESTfulInterfaces,Protocol
SCTPHandshakeStatus,Protocol
SCTPInitAbortMessages,Protocol
SCTPLibraries,Protocol
SCTPProtocol132,Protocol
SDAPMapping,Service
SDNAgents,DataNetwork
SDNControlledPathAdaptation,ControlPlane
SDNFlowRuleUpdates,PolicyRule
SDNNFV,NetworkFunction
SEAF,Concept
SEPP,NetworkFunction
SIDF,DataModel
SIMProvisioningInIndustrialEnvironments,Management
SLA,Policy
SLAEnforcementEndToEnd,Policy
SLAs,Policy
SMBWorkloadRouting,Routing
SMF,NetworkFunction
SMFAndUPF,NetworkFunction
SMFControl,NetworkFunction
SMFHeartbeat,NetworkFunction
SMFToControlUPFBehavior,NetworkFunction
SMFToObtainSubscriberPolicyData,NetworkFunction
SMFUPFConnection,UserPlane
SMFUPFControlPlaneSplits,ControlPlane
SMPolicyEstablishment,Policy
SNPN,Concept
SPIProtections,Concept
SRIOV,Concept
SRP,Concept
SRPActiveStandbyRedundancy,Reliability
SRPElectionsAndManualTimeoutConfigurations,NetworkFunction
SUCI,Identifier
SUPI,Identifier
SUPIEncryption,Identifier
SampleConfig,NetworkFunction
Scalability,Concept
ScalabilityGranularity,RANDesign
ScalableDeployment,CNFDesign
ScalableOFDMNumerology,Concept
ScaleDownFuse,NetworkFunction
Scaling,Concept
ScalingAcrossDistributedSites,Service
ScalingActions,PlacementModel
ScalingLimitations,Concept
ScalingOfCNFs,NetworkFunction
SchedulingParameters,PlacementModel
SchedulingResourceBlocks,PlacementModel
SeamlessHandover,Protocol
SeamlessRollingUpgrades,UserPlane
SecondaryAuthenticationMethod,SecurityFeature
SecondaryEAPAuthentication,SecurityFeature
Secure,Concept
SecureControlPlaneTransport,ControlPlane
SecureCrossClusterCommunication,Concept
SecureIPsecTunnels,Protocol
SecureInteractionWithUDM,NetworkFunction
SecureLifecycleProcedures,Management
SecuringInterPLMN,Identifier
SecurityAcrossDistributedSites,SecurityFeature
SecurityConcept,Concept
SecurityContexts,SecurityFeature
SecurityCredentials,SecurityFeature
SecurityFeature,SecurityConcept
SecurityFeaturesAcrossInterfaces,SecurityFeature
SecurityKeyKSEAF,SecurityFeature
SecurityZones,SecurityFeature
Segmentation,Routing
SelectiveScraping,API
SelfHealing,Concept
SeparateFunctionalDomainInTheControlPlane,ControlPlane
SeparateFunctionalDomainsInTheControlPlane,ControlPlane
SeparateIPPools,Throughput
SeparateIPRanges,Throughput
SeparateIPRangesPerInterface,Interface
SeparateIPSubnet,Addressing
SeparateIPSubnets,Throughput
SeparateIPsecChildSAs,Throughput
SeparatePods,Throughput
SeparatedSubnetsPerNetworkPlane,NetworkDesign
SeparationOfControlAndDataFunctions,ControlPlane
SeparationOfControlAndUserPlanesCUPS,ControlPlane
SequenceIssuesOnN3,NetworkEntity
ServerCertificates,NetworkEntity
Service,ServiceConcept
ServiceBasedArchitectureSBA,Design
ServiceConcept,Concept
ServiceConsumer,Concept
ServiceDeployment,CNFDesign
ServiceDiscovery,Concept
ServiceIntents,Standard
ServiceLevelRouting,Routing
ServiceMeshFederation,CNFDesign
ServicePerformanceMetrics,Management
ServiceProvider,Concept
ServiceRegistrationAndDiscoveryViaNRF,NetworkFunction
ServiceRegistry,Standard
ServiceRequirements,Standard
ServiceResilience,Concept
ServiceStatus,Concept
ServiceTypes,Concept
SessionAMBR,Concept
SessionContext,Concept
SessionContextToStandbyUPF,NetworkFunction
SessionContinuityAcrossPLMNBoundaries,Identifier
SessionEstab,Concept
SessionEstabMetric,Standard
SessionScopedCache,Platform
SessionSetup,UserPlane
SessionSurvival,Concept
SessionsTerminate,Addressing
SettingNgapAddrInAmfYamlToLANIP,NetworkFunction
SharedContext,Concept
SharedKeyValueStore,NetworkEntity
SharedRAN,RANDesign
SharedResources,Concept
SharingADRB,PlacementModel
SharingSlicesAcrossMultipleOperators,CNFDesign
SignalingStorms,Concept
SimplifiedPolicyIsolationStrategies,Policy
SimultaneousDataFlows,Service
SimultaneousNASSessionsOverCellularAndWiFi,RANDesign
SingleStaticRoutesPerNetwork,NetworkDesign
SingleVirtualInterfaceEgAnycastIP,CloudLayer
SiteReliabilityEngineeringForCNFs,Reliability
Size,Concept
SkypeForBusinessMissionCriticalSLA,Policy
Slice,Service
SliceAccess,Service
SliceAndSubscriberProvisioning,Service
SliceAndSubscriberProvisioningViaMongoDB,Service
SliceAwareMobilityMechanisms,Service
SliceBasedPolicySteering,Service
SliceBudgetIsExceeded,Service
SliceCapEnforcement,Service
SliceCapacity,Service
SliceCaps,Service
SliceCreation,Service
SliceCustomization,Service
SliceDataRateLimits,Service
SliceDescriptors,Service
SliceInstanceSelection,Service
SliceInstances,Service
SliceLevelAuthentication,Service
SliceLevelThroughputInsights,Service
SliceLevelTransparency,Service
SliceManagementInterfaces,Service
SliceProvisioning,Service
SliceSpecificAddressing,Service
SliceSpecificDeployments,Service
SliceSpecificEAPAuthentication,Service
SliceSpecificSLAMonitoring,Service
SliceSpecificSLAValidation,Service
SliceUsageData,Service
Slices,Service
Slicing,Service
SlotTimescales,Concept
SmootherControlPlaneFlow,ControlPlane
SoftRealTimeDeadlines50–100Ms,Standard
SoftwareDefinedPerimeters,Concept
SomeConsumerUEs,NetworkEntity
SpanningRANTransportAndCoreLayers,RANDesign
Specialization,Concept
SpecificValuesTailoredToAVerticalUseCasesRequirements,NetworkEntity
SpecifyingLinkIpNgapIpGtpIpAndCoreAMFAddress,NetworkFunction
SpectralEfficiency,Standard
Split,Concept
SplitIntoGNBDU,AccessNetwork
SplittingOfTrafficBetween,Standard
Spoofing,Concept
SrsRAN,RANDesign
StandaloneSADeployment,CNFDesign
Standard,StandardConcept
StandardConcept,Concept
StandardFastReRouteMechanisms,Standard
StandardSBIInterfaces,Standard
StandardizedAPIs,API
StandardizedInterfaces,Interface
StandardizedProtocolForSMFToUPFControl,NetworkFunction
StandardizedSliceBlueprints,Service
StandardizedVirtualizationPatterns,CloudLayer
StandbyUPF,NetworkFunction
StateMetrics,Standard
StateToUDSF,NetworkFunction
StatefulFrontEndToSubscriberData,DataNetwork
StatefulImplicitDenyPolicies,Concept
StatefulNFDesign,NetworkFunction
StatefulNFInstances,NetworkFunction
StatefulNFs,TightlyCoupledWithInternalUEContext
StatefulSessionInformation,DataModel
Stateless,Concept
StatelessArchitecture,Design
StatelessByDesign,Design
StatelessControl,ControlPlane
StatelessControlChains,ControlPlane
StatelessCoreNFs,CoreNetwork
StatelessDesign,Design
StatelessNFDeployment,NetworkFunction
StatelessNFDesign,NetworkFunction
StatelessNFDesigns,NetworkFunction
StatelessNFInstances,NetworkFunction
StatelessNFs,NetworkFunction
StatelessNFsInAnNFSet,NetworkFunction
StatelessOperationOfAMF,NetworkFunction
Statelessly,Concept
StaticIPAssignment,Protocol
StaticIPPools,Protocol
StaticResourceAllocation,PlacementModel
SteeringOfTrafficBetween,Standard
SteeringOrSplittingOfTraffic,Standard
StillLimited,Concept
StoppingIrrelevantServices,Standard
StrictLatencySLAs,Latency
StrictPolicies,Standard
StrictTrafficIsolationFromSlices,NetworkFunction
StringentQoSTargets,Standard
StrongerResilience,Standard
StubWithoutThePrometheusBackend,Monitoring
SubMillisecondLatency,Latency
SubMsLatency,Latency
SubMsLatencyForURLLC,Latency
SubMsTTI0.25Ms,Concept
SubnetIsolation,Addressing
SubnetPlanningForUPFs,Addressing
SubnetsOfVaryingSizesWithinABlock,Addressing
Subnetting,Addressing
SubscriberCredentials,Concept
SubscriberData,DataNetwork
SubscriberDataExternally,DataNetwork
SubscriberDataForUDM,NetworkFunction
SubscriberPolicyData,Policy
SubscriberPolicyDataFromUDM,NetworkFunction
SubscriberProfiles,Concept
SubscriberSpecificPolicies,ControlPlane
Subscription,Concept
SubscriptionCredentialsFromUDM,NetworkFunction
SubscriptionData,DataNetwork
SubscriptionProfiles,Concept
SuccessfulConnectivity,Concept
SuccessfulGNBAMFConnectivity,AccessNetwork
SudoSystemctlRestartOpen5gsAmfd,Protocol
SuitableForRFBasedORANOperations,RANDesign
SupportForTheseModes,UserPlane
Switchover,NetworkEntity
SxN4AddressReuseDuringSwitchover,Addressing
SxN4Association,Concept
SxN4ControlPlaneHeartbeatMonitoringWithBFD,ControlPlane
SymmetricKeyBasedEAPMethod,Standard
SynchronousStateFetches,Service
SystemdServices,Concept
TAC,Concept
TCPIPTransport,TransportNetwork
TCPProxies,Protocol
TCPProxiesOnPublicIPs,Protocol
TLS,Protocol
TLSForHTTP2SBA,Protocol
TLSIPsecTunnels,Protocol
TR28912,Standard
TS28312,Standard
TSNIntegration,Standard
TSNTraffic,Standard
TSNTrafficMappingInto5GSlices,Service
TUNInterface,Interface
TUNInterfaceEgUesimtun0,Interface
TUNInterfaceUesimtun0,Interface
TWIF,Concept
TailoredCacheLifetimes,Platform
TailoredServiceDelivery,Concept
TargetQoSMetrics,Standard
Tbsp,Concept
TelcoGradePerformance,Management
TelcoWorkloads,Concept
Telemetry,Monitoring
TelemetryQuality,Monitoring
TemporaryCPUContention,ControlPlane
TenantCustomizableParameters,Concept
TestEnvironments,Standard
Testbed,Concept
TestbedServers,NetworkEntity
TheArchitecture,Design
TheEdge,Edge
TheSameSxN4AddressDuringSwitchover,Addressing
TheSystem,Concept
TheTransitionTransparentToSMF,NetworkFunction
TheseMetrics,Standard
TheseModules,Concept
Throughput,QoSMetric
ThroughputAndFairness,Throughput
ThroughputLatencySeparationInUPF,NetworkFunction
ThroughputTargets,Throughput
TightlyCoupledWithInternalUEContext,NetworkEntity
TimeSensitiveContainerRequirements,CNFDesign
TimeSyncViaNTP,Protocol
TimeSynchronizationInORAN,RANDesign
Tmpt,Concept
Topology,TopologyConcept
TopologyAwareCustomSchedulers,Topology
TopologyAwareScheduling,Topology
TopologyBasedPlacement,Topology
TopologyConcept,Concept
TradeOffAwareOptimization,PlacementModel
TrafficAlongTheBestPath,Standard
TrafficAtEdge,Edge
TrafficIsolation,Standard
TrafficPrioritization,ControlPlane
TrafficShaping,API
TrafficSteeringAPIs,API
TrafficSteeringRules,PolicyRule
TransactionalStatelessNFs,NetworkFunction
TransitionToCNFs,NetworkFunction
TransmissionLatency,Latency
TransmittingUEContextToDependentNFsBeforeProcedureInvolvement,NetworkEntity
Transport,TransportNetwork
TransportBandwidthUsage,TransportNetwork
TransportCoDesign,TransportNetwork
TransportNetwork,NetworkConcept
TransportPriorityQueuing,TransportNetwork
TraversalOfN3AndN9,DataNetwork
TreatingInfrastructureAsCode,NetworkFunction
TrustedNetworks,DataNetwork
TrustedWLANSetups,UserPlane
TwoSMFs,Concept
TwoSeparateGNBs,Throughput
TwoSynchronizedUPFs,UserPlane
Typical28Subnet,Addressing
UDM,NetworkFunction
UDMARPF,Addressing
UDMHSS,Concept
UDMHSSLinking,Concept
UDR,NetworkFunction
UDRViaSessionAMBR,NetworkFunction
UDSF,NetworkFunction
UE,NetworkEntity
UEAndAMF,NetworkFunction
UEAndAMFSecurely,NetworkFunction
UEContext,NetworkEntity
UEContextToDependentNFs,NetworkEntity
UEContextToUDSF,NetworkFunction
UEControlMessages,NetworkEntity
UEExternalInternetAccess,NetworkEntity
UEIPPools,NetworkEntity
UEIdentity,NetworkEntity
UEOriginatedPackets,NetworkEntity
UERANSIMConfig,NetworkFunction
UERANSIMOpen5gsGnbYaml,AccessNetwork
UERANSIMgNBRANConfiguration,Management
UERANSimulationWithUERANSIM,RANDesign
UERegistration,NetworkEntity
UESessionContext,NetworkEntity
UEState,NetworkEntity
UEStateLocally,NetworkEntity
UESubnets,NetworkEntity
UETo5GCore,NetworkEntity
UEUsingNAS,NetworkEntity
UEs,NetworkEntity
ULDLURLLCPacketsAreServedAheadOfEMBBTraffic,Service
UPCRUPFPlacementAndChainingReconfiguration,PlacementModel
UPF,NetworkFunction
UPFCUUPServicesAreCoLocatedNearUsers,UserPlane
UPFDeployment,NetworkFunction
UPFDeploymentCloseToTheNetworkEdge,NetworkFunction
UPFForwardsTraffic,NetworkFunction
UPFInstances,NetworkFunction
UPFInterfaces,NetworkFunction
UPFOperations,NetworkFunction
UPFPlacementInMECEnvironments,NetworkFunction
UPFRepositioning,NetworkFunction
UPFSRPTimeout,UserPlane
UPFSelection,NetworkFunction
UPFToEvolveIndependently,NetworkFunction
UPFToExternalDataNetworksDNOverIP,NetworkFunction
UPFToScaleIndependently,NetworkFunction
UPFToSplitOrRedirectTrafficFlowsIntelligently,NetworkFunction
UPFUsageExceeds70%,NetworkFunction
UPFs,UserPlane
UPFsAdvertisedMaximumSessionCapacity,UserPlane
URLLC,Service
URLLCAndEMBBSliceTypes,Service
URLLCApplications,Service
URLLCFlows,Service
URLLCLatency,Service
URLLCPerformance,Service
URLLCPerformanceImprovements,Service
URLLCScenarios,Service
URLLCScheduling,Service
URLLCWithInlineSecurity,Service
USIMCredentials,Concept
USRPs,Concept
Ubuntu20042204,Concept
UbuntuPPA,UserPlane
UltraHighReliability,Reliability
UltraReliabilityGe99999Percent,Reliability
UnauthorizedAccessToNFServices,NetworkFunction
UnderutilizedIPChunks,Protocol
UnidirectionalForUplinkDataFlow,UserPlane
UnifiedAuthentication,SecurityFeature
UnifiedOrchestration,Orchestration
UnifiedSLA,Policy
Unique4BitQFI,NetworkEntity
UnpredictablePacketProcessingLatency,Latency
UpTo1MDevicesPerKm2,UserPlane
UpgradeTo10Gbps,UserPlane
Upgrades,UserPlane
UpgradesOfCNFs,NetworkFunction
UsageData,DataNetwork
UsageReporting,Concept
UseCaseRequirements,Standard
UseCases,Concept
UseOfMicroservicesAndKubernetes,CNFDesign
UseOfResourceReservationWithPreemptionAndMiniSlots,Standard
UserDataBoundControlMessages,ControlPlane
UserIdentityServices,Concept
UserIntent,Concept
UserIntentAndCurrentMetrics,Standard
UserMobilityPatterns,Concept
UserMobilityThroughUPFPlacementAndChaining,NetworkFunction
UserPlane,NetworkConcept
UserPlaneBandwidthTowardExternalNetworks,Bandwidth
UserPlaneDataExchange,UserPlane
UserPlaneOverWiFi,UserPlane
UserPlaneProcessing,UserPlane
UserPlaneRedundancy,Reliability
UserPlaneSessions,UserPlane
UserPlaneTraffic,UserPlane
UserPlaneTrafficBetweenGNBAndUPF,NetworkFunction
UserTrafficForwarding,Standard
UsingIPAddressesPortsProtocolsAndEthernetTags,Protocol
UtilityFunctionsInIntents,NetworkFunction
V2XAndIndustrialIoTUseCases,Standard
V2XQoS,Concept
V2XQoSUseCase,Concept
VLANBasedSegmentation,Addressing
VLANIsTheSame,Addressing
VLSM,Concept
VMs,CloudLayer
VNFAndContainerPlacementAcrossCloudFogAndEdge,CNFDesign
VNFOrchestrators,NetworkFunction
VNFs,NetworkFunction
VNFsAndContainers,CNFDesign
VNFsContainersProactively,CNFDesign
VNFsInVMs,NetworkFunction
VNGroups,UserPlane
VPPHealth,Concept
VendorAgnosticDeployments,Standard
VendorDiversity,Concept
VendorMaturity,Concept
VerificationReports,Standard
VerticalSliceModels,Service
Video,Concept
VirtualEnvironmentEffects,CloudLayer
VirtualIPs,CloudLayer
VirtualKubelets,CloudLayer
Virtualized,CloudLayer
VirtualizedUPF,NetworkFunction
VisitedPLMNs,Identifier
VoiceServices,Concept
Volume,Concept
WAGF,Concept
WaitPeriodsDuringExternalStateRetrieval,Service
WeightedRoundRobin,Concept
WhenToDeployUPFMigrations,NetworkFunction
WiFi,Concept
WiFiClientsToAMFSecurely,NetworkFunction
WiFiOnlyDevicesWithoutUSIM,Concept
WirelessSpecificThreats,Standard
WirelineAccessGatewayFunction,NetworkEntity
WorkloadDeployment,CNFDesign
WorkloadPlacement,PlacementModel
ZeroTouchProvisioning,Management
ZeroTrustControl,ControlPlane
ZeroTrustSecurity,SecurityFeature
etcd,Concept
≤0.25Ms,Concept
≤1MsEndToEndLatency,Latency